{"dLTE4a+R/IEBj+QRw/DZLg==":"sookoo-coffee-logo.png","PVDV6TFVkVn2O6X9f4JQng==":"sookoo-coffee-logo-1.png","OM6hTwqMAQpTVhLcPG86xg==":"background1.jpg","/Qv0IIuQZFxLMf2AQyDgGg==":"afca-logo-trans%20(1)-235x185.png","/dv8EfhHsrx7p17PX0brRQ==":"afca-logo-trans-235x185.png","IXxz6D9bqKZNhSe6psusaQ==":"ab_eurofeuille-1038x1040.png","Y7hyzH3XY7eR8UUic7aO7A==":"092-333x333.png","e0QsoGMUlvo3iGJdzVzX/w==":"ethiopian-coffee-exporters-association-1-240x160.jpg","ITdaSALd1/hDoUX/MOyT+w==":"ethiopian-coffee-exporters-association-1%20(1)-900x600.png","EjH9yII8NR8vW5xShGS27Q==":"ethiopian-coffee-exporters-association-1%20(1)-900x600.png","s6ni+W13CCT0GjaSjkAP4g==":"afca-logo-trans%20(1)-235x185.png","5hUIF45fhSP9s7fo72z/lQ==":"ab_eurofeuille-240x240.png","1CKgyZuu5F7n7yEtAeJwFQ==":"092-240x240.png","Pdjo2TXC1had9I+a23j4hA==":"ethiopian-coffee-exporters-association-1%20(1)-240x160.png","8rjhxG9d86G/ffWV/AZH8A==":"ethiopian-coffee-exporters-association-1%20(1)-240x160.png","EEhUtvqRXJX3q73BDTbjGg==":"ethiopian-coffee-exporters-association-1%20(1)-264x176.png","RCC2y4tqmIVTY0KuPXFYgw==":"%5Bdownloader.la%5D-6130b4d24862d-492x407.png","aiduVHH/dw6thKi+Iwgxxw==":"images%20(1)-194x259.jpg","KfYQNZm02ESboAun3FnuYw==":"081a9825-494x581.jpg","5cM8iG2Vfekd0k80cJPHaw==":"081a9825-494x581.jpeg","aVwS+ANYf+vAgpdG6r2wuw==":"081a9806-2000x1333.jpg","Cg9SB3FMgxmWSPXUxCXYng==":"mbr-1920x1280.jpg","J5lPQzAcOyQ/q0GiOwfYNQ==":"mbr-1-1920x1280.jpg","+TghyJgZMnmIQP6OpmHT8Q==":"mbr-1920x1080.jpg","dxkH8Tu4k+2ZgumqBc9Y/g==":"mbr-1920x1143.jpg","9IjnL3DA4CxXU8c42GiFaQ==":"mbr-2-1920x1280.jpg","gL0AojcxadI1G6+Y/+9YPQ==":"mbr-3-1920x1280.jpg","TyR3hqsDTB5uvuiQfBBxlA==":"mbr-4-1920x1280.jpg","FyXx5kY+CyEGpmNDHjwfIA==":"081a9806-2000x1333.jpeg","fQ2oEZGBjc7C9iYOXn1pSw==":"face3.jpg","FxHVG0CVgP/F7JHP8qyd3Q==":"face2.jpg","pa5Dkwo/T1qgW/t0h+fQvA==":"background5.jpg","UAc7kepzJPkrSn4uqTRvmw==":"background4.jpg","Ry8/UjadJgnvm8skKen/NA==":"mbr-1920x1275.jpg","hv6aXIv7HC8eA7Qh72ep6A==":"mbr-506x337.jpg","rS9hMmGvFNsXA91OGgtFJg==":"mbr-1-506x337.jpg","SiyPav4hR8EDKfZvkCdbPg==":"mbr-506x738.png","i95P9AyUc9vtQzRPuAIsGA==":"mbr-2-506x337.jpg","mIIbxW0r7dEZSbMPwcoYdg==":"background2.jpg","/GxmrpJGO37jZ3JTH4/sJg==":"081a9825-removebg-preview-494x329.png","13v2/EFYHyHwbwCoxfjXew==":"081a0616-2000x1333.jpg","qFQ/i6ZjLALJNY8yZWAG/g==":"081a0403-2000x1333.jpg","olhjEKWdrHFFCmoukUvbGw==":"081a9856-2000x1333.jpg","fV2zp3vXYab/+UIbj6+nzA==":"081a9976-2000x1333.jpg","HR5efUisLhfWhK58zXMMdA==":"081a9825-494x329.jpg","pBTioPN7HXtqeSburDtAPQ==":"081a9825-706x831.jpg","EVXIpYf/TcaTinLX4cK+4w==":"sookoo%20coffee%20logo-122x76.png","CUqUVxIO5hxlBlginyeUVg==":"sookoosack-506x506.png","9KNsY/Kz86rR58wgvLqxMw==":"sookoosack-1-506x506.png","7ocoXZ/N/yMTiPJBuygW9g==":"eski-506x496.png","P5xXAeXTPYWkyi9zsqbHYA==":"081a9825-706x1095.jpeg","bFM49IKxNfxwXp7l/S7roQ==":"081a9825-1-706x1095.jpeg","HlT9bNa2ey9964R1zgIMcg==":"img-138-2000x1333.jpg","DGzwdBza+cgmY1LIDjslIw==":"img-86-2000x1333.jpg","Irx8Q8qXUsVaGiSknVK3og==":"img-20-2000x1333.jpg","pmKJeJi6I8B/PPXKPkPpBQ==":"081a9825-2-706x1095.jpeg","dXIOs3zcMbaKz2pqoXcrCw==":"michiellampers-200x200.jpg","9Z/xRZHvVddzVIP/7CPkrg==":"victoriabrown-400x400.jpg","uNFN6hdzpccqgJ7VvV9heA==":"jessica-300x300.jpg","epXNwHhrFTsc5LWYt/ZIhg==":"marty-400x267.jpg","uU2MvhTN3wpCnWwmEJvUNA==":"marty-400x267.jpeg","ofKnK3ymIdEI/BluqzpnAg==":"img-157-2000x1333.jpg","ZaGT6ZMh/iR74UJtlIIlNg==":"img-1-2000x1333.jpg","r5tT0T+hmfP9OjT2eitg+Q==":"img-974-2000x1333.jpg","bs5FvVpQYpGwT95jW7C4rQ==":"img-1090-2000x1333.jpg","6pUKdmlP1Bl4banjwJAyEg==":"img-1144-2000x1333.jpg","+LRtNdBAtVpHPnzndhelKg==":"img-1142-2000x1333.jpg","0Vz7kgl6FM6JPI3hmzbyzw==":"img-4-2000x1333.jpg","9N0NgbqykjkyTp9MtJzXMA==":"img-76-2000x1333.jpg","fHBaEh5wNUemhU6nWfk8kw==":"img-100-2000x1333.jpg","2OUiU9z/8XW2KrpYioPl7A==":"img-101-2000x1333.jpg","RvHvEUlbqTVZjuQn/OUadg==":"img-84-2000x1333.jpg","DnZiUIKqds2sA/mOYohbnQ==":"mbr-1097x1920.png","okhHH+rG3XDbKrlo8Q/RAg==":"img-54-2000x1333.jpg","mRgl0pR0q9g3ssV1nHr9Vg==":"img-124-2000x1333.jpg","01qzOCW2w5JJASLqvXfu9A==":"img-742-2000x1333.jpg","6lkqxLs9bdXL21fgEkTUXQ==":"img-765-2000x1333.jpg","PelJbY081Wgm5OFJ3Ag4jg==":"img-1011-2000x1333.jpg","GuIPUiIDUTnHSQ70YwTPoQ==":"img-1100-2000x1333.jpg","of8L9SQ6cJQtwz0Hn7vFMQ==":"img-9-2000x1333.jpg","QrJTib3W5KV1I1ZWuEpMDQ==":"img-237-2000x1333.jpg","NpZn+8toOKaEGYciUi8XMg==":"img-87-2000x1333.jpg","JFSs7O4smAbtOTE+0jJdCA==":"img-105-2000x1333.jpg","UHsO7Od4CAnQa+vXtLIuUA==":"img-198-2000x1333.jpg","PosLStilNhI+/xfLlXrMOg==":"img-174-2000x1333.jpg","4GyJ9fQN70G3yAlyaT3Few==":"img-649-2000x1333.jpg","GsupeUa3VF9O+er03oTXPg==":"mbr-3-506x337.jpg","KQ6S9/dPKR+89vP0RQDilQ==":"mbr-506x337.jpeg","qhhUeVRYJwFRsN35/Y0mDA==":"gif.gif","22RHbOpKNtahvNmIKWAFaw==":"mbr-1-506x337.jpeg","AuNPFWZhzUGDYG8pYh+52g==":"mbr-4-506x337.jpg","LLdR3FWjSSAd6A0A1hsWqw==":"mbr-5-506x337.jpg","Oc2AfM02GCkH2qqUS1X0/g==":"mbr-6-506x337.jpg","LFGrmszF/IuhZpylDxHR8g==":"mbr-7-506x337.jpg","W1HF+fjiv8WSbji0AmdW5A==":"sookoofruits-1920x1080.jpg","y29T/iUQ3ZGi5+j8AT88rA==":"sookoofruits-1920x1080.jpeg","DJUZedkw3OSQ95SNVPgi2g==":"sookoofruits-1-1920x1080.jpeg","n1NGOqCkEoMCSsEoOmOHHQ==":"sookoofruits-2-1920x1080.jpeg","vMY4aUYJRSgszE42t+c7Cw==":"sookoo-coffee-logo-1-2000x1242.png","HQk+bS32GoS4Fmix4j8W5w==":"rkslogodrft-1-262x132.png","gm9VEoJLaDKBBvEFIm57Lg==":"mbr-1920x1280.jpg","rdYE/6X5SV6fb1mqHOeuhQ==":"mbr-1920x1440.jpg","mnfaMWDZ/dgC76wz9UwZSg==":"mbr-1277x1920.jpg","J/AaesIURjQExea+/P7oYw==":"mbr-1-1920x1440.jpg","qQMrsIGIxoaE3/qEdNU1TA==":"mbr-1920x1920.jpg","FHmwaFaqYSdXAJVpAizeHw==":"mbr-1920x1184.jpg","G1cPb5aL7ZwXNrgv7rfUDg==":"mbr-1-1920x1184.jpg","8Z+FutFZwPWFJz0FFlaaHw==":"mbr-1426x1920.jpg","3uymnw+ngJiR2rXbXIvQ4Q==":"mbr-1920x893.jpg","zqiLlHhyQ1LopOAye+lf3Q==":"mbr-1280x1920.jpg","/5YB8S6YT+/wi6owYY/+5A==":"mbr-1-1280x1920.jpg","4Oen2KM/bP75OSU52WB99Q==":"mbr-1362x1920.jpg","nNM8bvTgZWHqdi3ySU07BQ==":"mbr-1-1920x1280.jpg","4cXwRPwVxZQrzCoiBM19iQ==":"img-7525-706x733.png","2urcR8IMUck/P0MHzeWeXA==":"img-7526-706x733.png","FD2ARsELoDVMY00SXnl/PQ==":"img-7527-706x733.png","Lia3SkBetkJVdLbmDs9bcw==":"mbr-2-1280x1920.jpg","yBUeDmWQVdNrsXbYT5RmBA==":"mbr-1281x1920.jpg","gUAOQxlu11US4K4syROnWA==":"mbr-1278x1920.jpg","nyUeZvKjBjyem0+JXveGMA==":"mbr-2-1920x1280.jpg","mYCj7o9uMVXKSTPEsK17UA==":"mbr-2-1920x1440.jpg","sE1dI7yS1NoSucNcrKYaSA==":"mbr-3-1920x1280.jpg","5n0iYo2rQqpacVvWolUJAw==":"mbr-4-1920x1280.jpg","OBMpwvSkhrBICwI63GdWcw==":"mbr-1080x1920.jpg","I499eHeZ+dQ2ssFI2ujxpg==":"mbr-5-1920x1280.jpg","a/XomFpNi9gzRdnuKBfT8A==":"mbr-400x266.jpg","JY+hiRT4BGEA27vZz4S8LQ==":"mbr-400x266.jpeg","DUL/aJ9y+Ai8ACxRmaY45Q==":"mbr-400x267.jpg","PFYuLg1ViobD1Gi/RrMmiA==":"mbr-400x267.jpeg","IjP4Gmcj/f6EDlnOXsGhmQ==":"mbr-400x265.jpeg","kbPUodcJrvqLWc0foMZ85A==":"rkslogodrft-2-262x132.png","DwF0VNEcDYkSHKLWUNOhxw==":"mp-1014x1014.png","z53BLw/qIBedLe1O7qNQXg==":"mm-1014x645.png","QcUYkwpt8fRpgvHTtLin9w==":"mp-1-1014x1014.png","0iuDHU6vuQh41ZKcHXXxpA==":"mp-2-1014x1014.png","TCagO1Z2ruWze6ZA4kOAOw==":"jnn-1042x1042.png"}